{"adjusted_energy_max": 1.2919770117575808, "adjusted_energy_min": -2.225852612695519, "adjusted_energy_per_atom_max": 0.0269161877449496, "adjusted_energy_per_atom_min": -0.18853820509443864, "fmax_max": 0.978480558280123, "fmax_min": -1.3316331020661685, "fnorm_max": 3.3971988164237237, "fnorm_min": -1.883608395585808}