{"energy": 0.47737836394554917, "energy_per_atom": 0.004773783639455491, "fmax": 0.2412871408583302, "fnorm": 0.6078681985665516}