{"ontop": -0.5456180572509766, "bridge": -0.5396804809570312, "fcc": -0.5443954467773438, "hcp": -0.5413455963134766}