{"ontop": -0.20099830627441406, "bridge": -0.22286415100097656, "fcc": -0.23186683654785156, "hcp": -0.21482276916503906}