{"ontop": -0.20099830627441406, "bridge": -0.22286415100097656, "fcc": -0.23185157775878906, "hcp": -0.21485328674316406}