{"ontop": -0.5455570220947266, "bridge": -0.5396957397460938, "fcc": -0.5443954467773438, "hcp": -0.5425052642822266}